857122882094	,תחתיות לספל פרספקס עגול קוטר 9
7291027008008	10*15 משולשת זהב
7291027110107	10X10 מסגרת דגם "סורנטו" גודל
7291027052001	10X15 אלבום ילדותי + 8 עמ' כיתוב ל-300 תמונות גודל
7291027007209	10X15 אלבום תפור + חלון "יוקרתי" ל-100תמונות גודל
7291027007216	10X15 אלבום תפור + חלון "יוקרתי" ל-200 תמונות גודל
7291027007223	10X15 אלבום תפור +חלון "יוקרתי" ל-300 תמונות גודל
7291027074614	13X18 מסגרת עץ חלקה 2 ס"מ גודל
7291027074621	15X21 מסגרת עץ חלקה 2 ס"מ גודל
7291027600028	18X13 מסגרת דגם "פוזיטנו" גודל
7291027600226	20X20 מסגרת דגם "פוזיטנו" גודל
7291027076304	20X30 מסגרת דגם "מדריד-קטן" גודל
7291027600066	20X30 מסגרת דגם "פוזיטנו" גודל
7291027076311	21X30 מסגרת דגם "מדריד-קטן" גודל
7291027074652	21X30 מסגרת עץ חלקה 2 ס"מ גודל
7291027074676	30X40 מסגרת עץ חלקה 2 ס"מ גודל
7291027076335	30X45 מסגרת דגם "מדריד-קטן" גודל
7291027074683	30X45 מסגרת עץ חלקה 2 ס"מ גודל
7291027630452	63045 מסגרת עץ 00 30x45
4605817123209	80 גרם 500 דף A3
857122883267	A4 ארגז 80 גרם 5 יח בארגז
8715946691114	BLACK EPS D1000 דיו
857122883234	Bubble 15X21 3mm
8715946691121	CYAN EPS D1000 דיו
8888021300185	ENEGIZER 2032
8888021200256	ENEGIZER AA8
8888021200720	ENEGIZER AAA8
8715946691152	LIGHT CYAN EPS D1000 דיו
8715946691169	LIGHT MAGENTA EPS D1000 דיו
8715946691138	MAGENTA EPS D1000 דיו
619659115906	SANDISK דיסק און קי 64 G
619659184384	SANDISK מיקרו SD 32G
619659185077	SANDISK מיקרו SD 64G
857122883299	USB מאריך
8715946691145	YELLOW EPS D1000 דיו
857122883285	אבן בזלת 15*15
857122883286	אבן בזלת 20*15
857122883288	אבן בזלת 20*20
857122883289	אבן בזלת 20*30
857122883287	אבן בזלת 22*12
857122883290	אבן בזלת 30*30
857122883330	אבן בזלת גודל 10*15 מלבן
857122883293	אבן בזלת לב 15*15
857122883291	אבן בזלת לב 20*20
857122883294	אבן בזלת עיגול 15*15
7430100252895	אינטגרם פריז 50*50 תמ 40*40 לבן
7430100220771	אלבום "גפן" 120/13/18
7430100225929	אלבום "גפן" 402/10/15 סדרת"אור"
7291027004215	אלבום "קלאסיקו" גודל 10X15 50 תמונות
7430100210499	אלבום "שורשים" קנווס בורג 70 דף A4
7430100211748	אלבום 10*15 100 ללא כיתוב
7291027045201	אלבום 13*18 דמוי עור + מסגרת עץ בחזית 200 תמ
7430100211731	אלבום 36 תמ גודל 10*15 P.P רכה
7430100234464	אלבום 50*10*15 הסדרה הלבנה + חלון
7430100245781	אלבום P.U איילון 10*15*36 ד.לבן עומד צבעוני
7430100245798	אלבום P.U איילון 36*10*15 ד.לבן שוכב צבעוני
7291027004321	אלבום בורג מגנטי דף דביק קנבס 40 עמ' - 432
7291027004345	אלבום בורג מגנטי דף דביק קנבס 60 עמ' - 434
7291027004307	אלבום בורגי מגנטי דף דביק קנווס 20 עמ' 430
7430100233375	אלבום הדבקה דיגיטלי 12 תמ 15*21 ענבר שוכב
7291027004826	אלבום כיסים pp עלים 300 תמונות גודל 15X10
7430100231111	אלבום כיסים "קנווס" 600 תמ גודל 10*15
7291027007308	אלבום כיסים 10-15 144 תמונות
7291027052049	אלבום כיסים 10X15 ל-36 תמונות 5204
7291027050045	אלבום כיסים FOTO גודל 10*15 ל72 תמ'
7291027052032	אלבום כיסים PRESTIGE גודל 10*15 36 תמונות
7291027045652	אלבום כיסים PRESTIGE גודל 13*18 ל 100 תמונות
7291027040867	אלבום כיסים יוקרתי 144 תמונות גודל 13*18
7291027007261	אלבום כיסים יוקרתי 160 תמונות גודל 10X15
7291027004000	אלבום כיסים עלים 10*15 100 תמונות
7291027040701	אלבום כיסים קלאסיקו 120 10*15 תפור
7291027040824	אלבום כיסים קלאסיקו 120 13*18 תפור
7291027052056	אלבום כיסים קלאסיקו גודל 13*18 ל36 תמונות
7291027004246	אלבום כיסים קנבס 10*15 300 תמונות
7291027004222	אלבום כיסים קנבס 10*15 ל 100 תמונות
7430100204610	אלבום מגנטי "קנווס" 50 דף 100 עמ 29*32
7291027004420	אלבום מגנטי בורג חדש 29X32 ל40 עמודים
7291027004482	אלבום מגנטי בורג חדש 29X32 עמודים100
7291027004468	אלבום מגנטי בורג חדש גודל 29*32 ל80 עמודים
7291027004161	אלבום מגנטי תפור עלים גודל 21*22 ל36 עמ קטן
7291027050014	אלבום מיני דמוי עור13*18 36 תמ
7291027040206	אלבום מיני ל 36 תמונות כריכה רכה 10X15
7291027004604	אלבום מיני-מקסי ל100 תמ' 10x15
7291027004628	אלבום סופר 200 תמונות
857122883328	אלבום סופר 300
7291027004086	אלבום סופר 500תמ+חלון+סרט 10X15
7291027004147	אלבום סופר 600+חלון+סרט גודל 10*15 600 תמונות
7291027007155	אלבום עיצוב יוקרתי 36 עמ' 21*21 קרם
7291027004727	אלבום עיצוב עלים 50 עמודים גודל 29X24 דף קרם
7291027007162	אלבום עיצוב+ חלון 40 עמודים 24X25 דף קרם
7291027007131	אלבום עיצוב+חלון 50 עמ' 24X29 0713 דף קרם
7291027007179	אלבום עיצוב+חלון 60 עמודים גודל 29X32 קרם
7291027007032	אלבום עיצוב+חלון 80 עמודים 29X32 דף קרם
7430100234235	אלבום פרגמנט 25 דף קרם 25*24
7291027004116	אלבום קלאסיקו גודל 13*18 ל50 תמונות
7430100225578	אלבום קנווס 10*15*300
7430100231258	אלבום קנווס 200 תמ 10/15 - שי
7291027004208	אלבום תפור יוקרתי גודל 13*18 ל300 תמונות
7291027007230	אלבום תפור יוקרתי קלאסיקו ל-402 תמונות גודל 10X15
7291027040930	אלבום תפור כריכת זמש + חלון ל 200 תמ' גודל 1318
7291027004024	אלבום תפור עלים גודל 10*15 ל200 תמונות
857122882117	אלבומציק
7291027050106	אלבופ כיסים דמוי עור 120 10*15 תפור
857122883237	ארגז מעטפות
857122883235	ארגז שקיות גדולות
857122883236	ארגז שקיות קטנות
857122883307	בגד גוף תינוק
857122883210	בורד
857122883211	בורד מיני
857122883316	בושם רויאל ביץ מפיץ ריח
857122883216	בלוק אורן דבק 10*10
857122883217	בלוק אורן דבק 10*15
857122883218	בלוק אורן דבק 15*15
857122883219	בלוק אורן דבק 15*21
857122883227	בלוק אורן צבוע 15*15
857122883228	בלוק אורן צבוע 15*21
857122883225	בלוק אורן צבוע לבן 10*10
857122883226	בלוק אורן צבוע לבן 10*15
5421010300006	בלוק אקריליק להדפסת UV 10*10*3
5421015300001	בלוק אקריליק להדפסת UV 10*15*3
7291027200686	בלוק אקריליק 2 חלקים מגנטית גודל 10X15
7291027200693	בלוק אקריליק 2 חלקים מגנטית גודל 13X18
7291027200709	בלוק אקריליק 2 חלקים מגנטית גודל 15X21
7291027200723	בלוק אקריליק להדפסה ב-UV גודל 10X15
7291027200730	בלוק אקריליק להדפסה ב-UV גודל 13X18
7291027200778	בלוק אקריליק להדפסה בUV גודל 15*15
7291027200747	בלוק אקריליק להדפסה ב-UV גודל 15X21
7291027200754	בלוק אקריליק להדפסה ב-UV גודל 20X30
5421015250009	בלוק אקריליק להדפסת UV 10*15*2.5
5421318250003	בלוק אקריליק להדפסת UV 13*18*2.5
5421318300005	בלוק אקריליק להדפסת UV 13*18*3
5421515300006	בלוק אקריליק להדפסת UV 15*15*3
5421520300008	בלוק אקריליק להדפסת UV 15*20*3
5422020300000	בלוק אקריליק להדפסת UV 20*20*3
5422030250005	בלוק אקריליק להדפסת UV 20*30*2.5
5422030300007	בלוק אקריליק להדפסת UV 20*30*3
857122882124	בלוק הולנדי 10*10
857122882125	בלוק הולנדי 10*20
857122882130	בלוק הולנדי 15*21
857122882131	בלוק הולנדי 19*28 / 20*30
857122882132	בלוק הולנדי 30*30
857122882129	בלוק הולנדי פולורייד 14*12
857122882149	בלוק הולנדי 10X15 מבצע
857122882142	בלוק הולנדי 20*20
857122882138	בלוק הולנדי 30*40
857122883220	בלוק הולנדי דבק 10*10
857122883222	בלוק הולנדי דבק 15*15
857122883223	בלוק הולנדי דבק 15*21
857122883224	בלוק הולנדי דבק 20*30
857122883174	בלוק לאונרדו 15X15 מס' 45
857122883179	בלוק לאונרדו 15X21 מס' 49
857122883180	בלוק לאונרדו 15X21 מס' 51
857122882052	בלוק צפצפה 20X20
857122882151	בלוק צפצפה משושה 15*15
857122882150	בלוק צפצפה משושה 25*25
857122883242	בלוקירז קאפה שחורה 20X20
8571228832446	בלוקירז קאפה שחורה 20X20 חבילה של 10
733619018608	בקבוק באולינג לבן 500 מ"ל לסובלימציה 27 ס"מ
857122882116	ברכה מעוצבת
4009729069080	גיליוטינה A3 טרימר רולר 8 דף חיתוך 46 ס"מ 508 LE
857122883049	גליל מדבקות HELD
857122883092	גליל צלופן 70 סמ
857122883309	גליל קופה
857122883296	דבק ירוק סובלימציה
7430100220030	דבק נוזלי לתמונות 100ML
9320760054923	דובי סובלימציה + חולצה אדום ולבן 29 סמ
9320760051298	דובי סובלימציה + חולצה אדום ולבן 40 סמ
9320760054787	דובי סובלימציה + חולצה אדום ולבן 50 סמ
9320760052295	דובי סובלימציה + חולצה חום / קרם 29 סמ
9320760051342	דובי סובלימציה + חום/קרם 40 סמ
9320760055012	דובי סובלימציה + חום/קרם 60 סמ
9320760055449	דובי סובלימציה ורוד/תכלת +חולצה 20 סמ
9320760054770	דובי סובלימציה+חולצה חום/קרם 50סמ
10343917477	דיו EPSON פלוטר P6000/9000
857122883351	דיו SAWGRASS SG 800
857122883350	דיו SAWGRASS SG500/1000
4547410254563	דיו ורוד DX 100
4547410527704	דיו ורוד FujiFilm FRONTIER DX-400 ink
4547410254556	דיו כחול שמיים DX 100
4547410527698	דיו כחול שמיים FRONTIER FujiFilm DX-400
857122883314	דיו ל RICOH סובלימציה
4547410361018	דיו מגנטה DE 100
4547410254532	דיו מגנטה DX 100
4547410527674	דיו מג'נטה FujiFilm FRONTIER DX-400 ink
4141	דיו סובלימציה אפסון מקורי C-Y
4547410361001	דיו סיין DE 100
4547410254525	דיו סיין DX 100
4547410527667	דיו סיין FujiFilm FRONTIER DX-400
4547410361124	דיו צהוב DE 100
4547410254549	דיו צהוב DX 100
4547410527681	דיו צהוב FujiFilm FRONTIER DX-400 in
4547410361131	דיו שחור DE 100
4547410527650	דיו שחור FujiFilm FRONTIER
8714	האג מאג - לבן
857122883214	הגדלת ענק
857122883261	הגדלת ענק בונד \ עץ 100*70
857122883263	הגדלת ענק בונד \ עץ 120*80
857122883258	הגדלת ענק בונד \ עץ 40*60
857122883259	הגדלת ענק בונד \ עץ 50*70
857122883260	הגדלת ענק בונד \ עץ 60*90
857122883255	הגדלת ענק פרספקס 6 ממ 100*100
857122883254	הגדלת ענק פרספקס 6 ממ 100*70
857122883256	הגדלת ענק פרספקס 6 ממ 120*80
857122883251	הגדלת ענק פרספקס 6 ממ 40*60
857122883252	הגדלת ענק פרספקס 6 ממ 50*70
857122883253	הגדלת ענק פרספקס 6 ממ 60*90
857122883257	הגדלת ענק פרספקס 6 ממ קוטר 80
7430100233351	הדבקה דיגיטלי 12 תמ 10*15 ענבר ורדרד בלבד
7430100233368	הדבקה דיגיטלי 12 תמ 13*18 ענבר שוכב
857122883312	חבילת נייר נטול עץ 170 גרם A3
857122883311	חבילת נייר נטול עץ 170 גרם A4 857122883311
857122883300	חבילת נייר סובלימציה
857122883052	חבל מובייל 1 מטר
70012	חולצת סובלימציה ילד/נוער
7001	חולצת סובלימציה מבוגר
70013	חולצת סובלימציה מבוגר XXXL
857122883020	טוינס 10X10
857122883021	טוינס 10X15
857122883022	טוינס 15X15
857122883023	טוינס 15X21
857122883215	טוינס 19*28
857122883241	טוינס 20*20
857122883233	טויקס 29*39
857122883295	כוס טרמי
6927972135124	כיסים למינציה 100 יח 303*426 A3
857122883317	כיסים למינציה 100יח A4
717171	כללי
857122882112	כרית מלבנית
857122883765	כרית פרווה 45X45
8571228837655	כרית פרווה 60X30
857122882113	כרית ריבוע
7291027004239	ל-200 תמונות
7291027004123	'ל-400 תמ
7291027004444	ל-60 עמודים
7430100233498	לוח הדבקה הילה גודל 20*20 שחור
7430100239308	לוח הדבקה מעץ "מאור" 3M 10*15
7430100239339	לוח הדבקה מעץ דגם "מאור" 3M 20*20
7430100239292	לוח הדבקה מעץ דגם מאור 15*15 3M
7430100244494	לוח הדבקה מעץ דגם מאור 17.5*12.5 3M
7430100239285	לוח הדבקה מעץ דגם מאור גודל 10*10 3M
7430100239346	לוח הדבקה מעץ דגם מאור גודל 19.5*29 3M
7430100239322	לוח הדבקה מעץמאור 3M 15*20
7430100247570	לוח הדבקה נועה 30*45 החלפת תמונה
7430100247532	לוח הדבקה נועה גודל 12.7*17.6 שחור
7430100247549	לוח הדבקה נועה גודל 15*21 שחור
3401275000054	לוח קאפה מוקצף להדבקה 15 יח 100*70
857122883332	מארז פרחי קישוט
857122883301	מגנט 10*15
857122883302	מגנט 20*30
857122883303	מגנט 30*40
1809	מגנטי גפן 20 עמ' בורג 10 דף
7430100211816	מגנטי גפן 40 עמ בורג 20 דף
7430100211830	מגנטי גפן 80 עמ בורג 40 דף
7430100234280	מגנטי קנווס תפור 20 דף 40 עמ 24*25
857122883048	מדבקת דו"צ 3M
857122883108	מדבקת דו"צ M3
857122882050	מובייל חמישייה 10X10
857122883171	מובייל לרכב דו"צ
857122882049	מובייל שלישייה 10X10
857122882048	מובייל שלישייה 19X28
857122883190	מובייל שרשרת 30*40
857122882026	מחזיק מפתחות דו"צ אליפסה
857122882020	מחזיק מפתחות דו"צ לב עם ראש
857122882018	מחזיק מפתחות דו"צ לב רגיל
857122882023	מחזיק מפתחות דו"צ מלבן
857122882022	מחזיק מפתחות דו"צ עיגול
857122882024	מחזיק מפתחות דו"צ ריבוע
7430100227862	מחזיק מפתחות דיגיטלי 10 תמ
857122882017	מחזיק מפתחות ח"צ חמסה
857122882009	מחזיק מפתחות ח"צ לב נטוי
857122882010	מחזיק מפתחות ח"צ לב עם ראש
857122882008	מחזיק מפתחות ח"צ לב רגיל
857122882013	מחזיק מפתחות ח"צ מלבן
857122882012	מחזיק מפתחות ח"צ עיגול
857122882015	מחזיק מפתחות ח"צ פרח
857122882014	מחזיק מפתחות ח"צ ריבוע
857122882089	מחזיק מפתחות פרספקס אליפסה
857122882090	מחזיק מפתחות פרספקס חמסה
857122882082	מחזיק מפתחות פרספקס לב נטוי
857122882083	מחזיק מפתחות פרספקס לב עם ראש
857122882081	מחזיק מפתחות פרספקס לב רגיל
857122882086	מחזיק מפתחות פרספקס מלבן
857122882085	מחזיק מפתחות פרספקס עיגול
857122882088	מחזיק מפתחות פרספקס פרח
857122882087	מחזיק מפתחות פרספקס ריבוע
1000	מחירון
857122883324	מטאל 10*15
857122883016	מטאל 13X18
857122883015	מטאל 15X15
857122883017	מטאל 15X21
857122883018	מטאל 20X20
857122883019	מטאל 20X30
857122883107	מטאל צפצפה 12 ממ
857122883325	מטאל צפצפה 15*15
4547410361919	מיכל ספיגה DE 100
4547410444650	מיכל ספיגה DE100XD מיכל גדול
4547410256345	מיכל ספיגה DX 100
400086	מיכל עודפים D1000
857122883313	מיכל עודפים RICOH
857122883319	מיכל עודפים למדפסת אפסון F100
857122883272	מילוי כרית 1 ק"ג
10029171	מכשיר למינציה A4,3 גלילים דאלה למינציה
857122883168	מנגנון לשעון
7291027130402	מסג' סורנטו 30X40
7291027200167	מסגרת "קולז" משפחתית לבנה ל16 תמ' גודל 10X15
7430100248195	מסגרת 10 תמ' 10*15 צבעי עץ
7430100256305	מסגרת 18*24 דגם לירון 1.7*1.5
4895107902984	מסגרת 20*30 פלח
7430100256343	מסגרת 30*40 דגם לירון 1.7*1.5
7430100252864	מסגרת אביב 10*15 ישר 2 סמ טבעי
7430100222188	מסגרת אביב 10*15 עץ 2 סמ ישר
7430100252871	מסגרת אביב 13*18 ישר 2 סמ טבעי
7430100231142	מסגרת אביב 13*18 ישר 2 סמ לבן
7430100222195	מסגרת אביב 13*18 עץ 2 סמ ישר
7430100231159	מסגרת אביב 15*21 2 סמ ישר לבן
7430100252888	מסגרת אביב 15*21 ישר 2 סמ טבעי
7430100232316	מסגרת אביב 18*24 2 סמ ישר לבן
7430100232323	מסגרת אביב 18*24 2 סמ צבעי עץ
7430100239902	מסגרת אביב 18*24 ישר 2 סמ שחור
7430100224328	מסגרת אביב 2 סמ 13*18 ישר אפור בהיר
7430100231173	מסגרת אביב 2 סמ ישר 20*30.5 לבן
7430100233238	מסגרת אביב 20*30 שחור 2 סמ ישר
7430100223697	מסגרת אביב 20*30.5 צבעי עץ ישר 2 סמ
7430100234341	מסגרת אביב 25*35 ישר 2 סמ לבן
7430100211212	מסגרת אביב 25*35 ישר 2 סמ עץ
7430100239896	מסגרת אביב 25*35 ישר 2 סמ שחור
7430100222225	מסגרת אביב 30*40 ישר 2 ס"מ צבעי עץ
7430100243626	מסגרת אביב 30*40 ישר 2 סמ טבעי
7430100231098	מסגרת אביב 30*40 ישר 2סמ לבן
7430100222232	מסגרת אביב 30*45 ישר 2 סמ
7430100233252	מסגרת אביב 30*45 שחור 2 סמ ישר
7430100246481	מסגרת אביב A3 29.7*42 2 סמ ישר טבעי
7430100246689	מסגרת אביב A3 29.7*42 2 סמ ישר לבן
7430100246672	מסגרת אביב A3 29.7*42 2 סמ ישר שחור
7430100236277	מסגרת אביב A4 21*29.7 ישר 2 סמ
7430100234990	מסגרת אביב A4 21*29.7 ישר 2 סמ שחור
7430100233221	מסגרת אביב גובל 15*21 שחור
7430100233245	מסגרת אביב גודל 30*40
7430100249635	מסגרת אוסלו 10*15 שחור
7430100252789	מסגרת אוסלו 18*24 לבן
7430100249789	מסגרת אוסלו A4 21*29.7 לבן
7430100249796	מסגרת אוסלו A4 21*29.7 שחור
7430100249628	מסגרת אוסלו גודל 10*15 לבן
7430100249680	מסגרת אוסלו גודל 15*15 לבן
7430100249697	מסגרת אוסלו גודל 15*15 שחור
7430100249734	מסגרת אוסלו גודל 20*20 טבעי
7430100249741	מסגרת אוסלו גודל 20*25 לבן
7430100255186	מסגרת אוסלו צבעי עץ נטורל 30*40
7430100255193	מסגרת אוסלו צבעי עץ נטורל A3
7430100251249	מסגרת אוריאן 10*15 חום +לד
7430100251287	מסגרת אוריאן 10*15 צבע עץ+ לד
7430100251256	מסגרת אוריאן 13*18 חום + לד
7430100251294	מסגרת אוריאן 13*18 צבע עץ +לד
7430100251263	מסגרת אוריאן 15*21 חום + לד
7430100251317	מסגרת אוריאן 15*21 צבע עץ + לד
7430100251331	מסגרת אוריאן 2 תמ 10*15 צבע + לד
7430100251379	מסגרת אוריאן 4 תמ' 10*15 צבעי עץ
7430100251355	מסגרת אוריאן 6 תמ' 10*15 צבעי עץ
7291027013286	מסגרת אטבים 3040
7430100239919	מסגרת אינסטגרם 10*10 לבן 2 סמ
7430100224588	מסגרת אינסטגרם 10*10 עץ 2 סמ
7430100237724	מסגרת אינסטגרם 15*15 שחור 2 סמ
7430100248881	מסגרת אינסטגרם 20*20 טבעי 2 סמ
7430100237717	מסגרת אינסטגרם גודל 10*10
7291027077684	מסגרת אינסטגרם דגם מדריד קטן 15X15
7291027200679	מסגרת אקריליק מגנטית עם רגליות גודל 20*30
7291027200648	מסגרת אקריליק מגנטית עם רגלית גודל 10*15
7291027200624	מסגרת אקריליק מגנטית עם רגלית גודל 15*15
7291027200662	מסגרת אקריליק עם רגלית גודל 15X21
7430100254745	מסגרת בריסל 15*15 צבעי עץ
7430100248201	מסגרת גיל 12 תמ' 10*15 צבעי עץ
7430100254639	מסגרת גיל 5 תמ' 10*15 צבעי עץ
7430100248157	מסגרת גיל 7 תמ' 10*15 צבעי עץ
7430100248171	מסגרת גיל 8 תמ' 10*15 צבעי עץ
7430100248188	מסגרת גיל 9 תמ' 10*15 צבעי עץ
7430100248821	מסגרת גיל סילבר 5 תמ 10*10 -1 10*15 -4
857122883212	מסגרת גלרי 30X30
7291027076267	מסגרת דגם "מדריד קטו " 10X15
7291027076281	מסגרת דגם "מדריד קטן " 15X21
7291027076328	מסגרת דגם "מדריד קטן " 30X40
7291027600202	מסגרת דגם "פוזיטנו" גודל 10*10
7291027600059	מסגרת דגם "פוזיטנו" גודל 20X25 שחור
7430100255476	מסגרת דגם אוסלו 25*35 טבעי
7430100255483	מסגרת דגם אוסלו 30*30 טבעי
7430100255520	מסגרת דגם אוסלו 50*70 טבעי
7430100255445	מסגרת דגם אוסלו A4 גודל 21*29.7 טבעי
7430100255421	מסגרת דגם אוסלו גודל 15*21 טבעי
7430100255438	מסגרת דגם אוסלו גודל 18*24 טבעי
7430100249727	מסגרת דגם אוסלו גודל 20*20 שחור
7430100255452	מסגרת דגם אוסלו גודל 20*25 טבעי
7430100254783	מסגרת דגם בריסל A4 21*29.7 טבעי
7430100256312	מסגרת דגם לירון גודל 20*25 1.5*1.7
7291027077691	מסגרת דגם מדריד 20X20
7291027077790	מסגרת דגם מדריד קטן 30X30
7291027076274	מסגרת דגם מדריד קטן גודל 13X18
7430100249543	מסגרת דגם מעיין אלומיניום לבן 4 תמונות
7291027077196	מסגרת דגם ניו אורלינס 15X21
7291027077172	מסגרת דגם ניו אורלינס גודל 10X15
7291027600219	מסגרת דגם פוזיטנו גודל 15*15
7291027600097	מסגרת דגם פוזיטנו גודל 30*40
7291027600042	מסגרת דגם פויטנו גודל 18*24
7291027468109	מסגרת זהב 10X15
7291027468130	מסגרת זהב 13X18
7291027468154	מסגרת זהב חלק 15X21
7291027468208	מסגרת זהב מפואר 2030
7291027031020	מסגרת זהב רוחבי 15*10
7291027031037	מסגרת זהב רוחבי 18*13
7291027031044	מסגרת זהב רוחבי 21*15
7291027031501	מסגרת זהב שילוב לבן סדרת פרימיום גודל 10*15
7291027031525	מסגרת זהב שילוב לבן סדרת פרימיום גודל 15*21
7291027031518	מסגרת זהב שילוב עם לבן סדרת פרימיום גודל 13*18
7291027020840	מסגרת יוקרתית לבנה 10X15 שוכב
7291027020826	מסגרת יוקרתית לבנה 13X18 עומד
7291027020864	מסגרת יוקרתית לבנה 15X21 שוכבת
7291027469106	מסגרת כסף חלק 10X15
7291027469151	מסגרת כסף חלק 15X21
7291027469205	מסגרת כסף חלק דק מפואר גודל 20*30
7291027469137	מסגרת כסף חלק/דק/מפואר גודל 13X18
7291027020857	מסגרת כסף מיטלי 13/18 שוכב
9079	מסגרת לונדון 40*50 לבן
857122883204	מסגרת לקיר 30*80 + פלטת פח
857122883113	מסגרת לקיר 40X40 + פלטת פח
857122883114	מסגרת לקיר 40X60 + פלטת פח
857122883167	מסגרת לקיר 80X120 + פלטת פח
7291027022332	מסגרת לתליית תמונות 3 שורות אורך (40X40)
7291027022349	מסגרת לתליית תמונות 4 שורות אורך (גודל 50X50)
7291027200655	מסגרת מגנטית עם רגלית גודל 13*18
857122883240	מסגרת מוארת 15*15
857122883184	מסגרת מוארת 20X30
857122883185	מסגרת מוארת 30X30
7430100245620	מסגרת מסגרת בריסל 30*40 צבעי עץ
7430100234631	מסגרת מעיין 2 תמ גודל 10*15
7430100234747	מסגרת מעיין 3 תמ 9*9 -2 9*13 -1
7430100234860	מסגרת מעיין 4 תמ
7430100234594	מסגרת מעיין 5 תמ
7430100234563	מסגרת מעיין 5 תמ גודל 8*5
7430100249536	מסגרת מעיין אלומיניום 2 תמ 10*15 עומד
7430100234839	מסגרת מעיין גודל 10*15 .
7430100234709	מסגרת מעיין גודל 13*18
7430100234679	מסגרת מעיין גודל 13*18.
7430100234686	מסגרת מעיין גודל 15*21
7291027200280	מסגרת משפחתית יוקרתית לבנה LOVE ל-4תמ' 10X15
7291027200334	מסגרת משפחתית ל 9 תמונות בגודל 10X15
7291027200341	מסגרת משפחתית ל10 תמונות בגודל 10X15
7430100253649	מסגרת מתכת 15*15 תמ 10*10 כסף
7291027021540	מסגרת מתכת BLACK&PEARL גודל 10*15
7291027021564	מסגרת מתכת BLACK&PEARL גודל 15*21
7291027010438	מסגרת מתכת GOLD "צפה" חלקה לגודל תמונה 10*15
7291027010445	מסגרת מתכת GOLD "צפה" חלקה לגודל תמונה 13*18
7291027010452	מסגרת מתכת GOLD "צפה" חלקה לגודל תמונה 15*21
7291027031532	מסגרת מתכת GOLD&WHITE גודל 10*15 שלישיה
7291027031433	מסגרת מתכת PEARL & WHITE גודל 10*15 שלישיה
7291027030832	מסגרת מתכת PINK&WHITE גודל 10*15 זוג
7291027010469	מסגרת מתכת WHITE "צפה" חלקה לגודל תמונה 10*15
7291027010476	מסגרת מתכת WHITE "צפה" חלקה לגודל תמונה 13*18
7291027010483	מסגרת מתכת WHITE "צפה" חלקה לגודל תמונה 15*21
7291027031426	מסגרת מתכת WHITE & PEARL גודל 10*15 -זוג
7430100230756	מסגרת מתכת ברקת 20*30
7430100230930	מסגרת מתכת ברקת גודל 20*30
7291027021618	מסגרת מתכת לבנה 13X18
7291027021625	מסגרת מתכת לבנה 15X21
7430100252994	מסגרת מתכת ספיר 10*15 לבן + פס כסף
7430100253007	מסגרת מתכת ספיר 13*18 לבן + פס כסף
7430100253342	מסגרת מתכת ספיר 2 תמ 10*15 עומד כסף
7430100253021	מסגרת מתכת ספיר 2 תמ 10*15 שוכב + עומד לבן + פס כסף
7430100253359	מסגרת מתכת ספיר 2 תמ 10*15 שוכב כסף
7430100253045	מסגרת מתכת ספיר 2 תמ 10*15 שוכב לבן + פס כסף
7430100253083	מסגרת מתכת ספיר 2 תמ 13*18 עומד לבן + פס כסף
7430100253076	מסגרת מתכת ספיר 2 תמ 13*18 שוכב + עומד לבן + פס כסף
7430100253090	מסגרת מתכת ספיר 2 תמ 13*18 שוכב לבן + פס כסף
7430100253496	מסגרת מתכת ספיר 20X25 פספרטו 15X21 שחור
7430100253069	מסגרת מתכת ספיר 3 תמ 10*15 עומד + 2 שוכב לבן + פס כסף
7430100253373	מסגרת מתכת ספיר 3 תמ 10*15 עומד כסף
7430100253106	מסגרת מתכת ספיר 3 תמ 13*178 עומד לבן + פס כסף
7430100257555	מסגרת מתכת ספיר גודל 13*18 זהב
7430100257562	מסגרת מתכת ספיר גודל 15*21 זהב
7430100257548	מסגרת מתכת ספיר פספרטו 10*15 זהב
7430100253472	מסגרת מתכת ספיר פספרטו 10*15 שחור
7430100253489	מסגרת מתכת ספיר פספרטו 13*18 ספיר שחור
7291027200549	מסגרת מתכת שחורה 3D ל8 תמ בגודל 10*15
7430100245415	מסגרת סדרת שירה 20*25 זהב/כסף
7430100245453	מסגרת סדרת שירה 30*45 זהב/כסף
7291027118240	מסגרת סורנטו 18X24
857122883001	מסגרת עם זכוכית 50*50 + פרספרטו
7291027630407	מסגרת עץ 00 30X40
7291027070227	מסגרת עץ 10*15 *2 שוכב
7430100235003	מסגרת עץ 30*45 אביב 2 סמ ישר לבן
7430100231128	מסגרת עץ אביב 10*15 2 סמ יש לבן
7430100233207	מסגרת עץ אביב 10*15 שחור 2 סמ ישר
743010023291	מסגרת עץ אביב 2 ס"מ 20*30.5 צבעוני ישר 32
7430100232361	מסגרת עץ אביב 20*25 ישר 2 סמ לבן
7430100222751	מסגרת עץ אביב 20*25 ישר 2 סמ צבעי עץ
7430100239889	מסגרת עץ אביב 40*50 ישר 2 סמ לבן
7430100242599	מסגרת עץ אביב 50*70 ישר 2 סמ טבעי
7430100239223	מסגרת עץ אביב 50*70 ישר 2 סמ לבן
7430100229910	מסגרת עץ אביב A4 21*29.7 עץ ישר 2 סמ
7430100249246	מסגרת עץ אוריאן 10 *15 + מראה טבעי+מעמד שוכב
7430100254608	מסגרת עץ אוריאן 10*15 + בסיס טבעי עומד
7430100249291	מסגרת עץ אוריאן 10*15 + מראה טבעי + מעמד עומד
7430100249369	מסגרת עץ אוריאן 2 תמ 10*15 אפור (אלכסון)
7430100247969	מסגרת עץ אוריאן 2 תמ 10*15 טבעי
7430100252567	מסגרת עץ אוריאן 2 תמ 10*15 לבן
7430100252659	מסגרת עץ אוריאן 4 תמ 10*15 עץ בז'
7291027076465	מסגרת עץ דגם מדריד-קטן 40X60
7291027072016	מסגרת עץ חלקה 2 ס"מ 13X18 7201
7291027074607	מסגרת עץ חלקה 2 ס''מ 10*15
7291027074645	מסגרת עץ חלקה 2 ס''מ 20*30
7291027072078	מסגרת עץ חלקה 2 סמ 7207 גודל 30X40
7291027072061	מסגרת עץ חלקה 2ס"מ גודל 20X25 (טבעי, לבן)
7291027072047	מסגרת עץ חלקה 2ס"מ גודל 20X30
7291027072054	מסגרת עץ חלקה 2סמ 21X30 7205
7291027072023	מסגרת עץ חלקה 2סמ 7202 גודל 15X21
7291027074706	מסגרת עץ חלקה אינסטגרם 2 ס"מ גודל 30X30
7291027072009	מסגרת עץ חלקה גודל 10X15
7291027618245	מסגרת עץ יוקרתית 18X24
7291027620309	מסגרת עץ יוקרתית 20X30
7291027430458	מסגרת עץ יוקרתית דגם אואזיס גודל 30*45
7291027002068	מסגרת עץ יוקרתית ל6 תמונות בגודל 10*15
7291027074720	מסגרת עץ יוקרתית עובי 2 גודל 40X60
7291027074737	מסגרת עץ יוקרתית עובי 2 ס"מ גודל 50X70
7291027074744	מסגרת עץ יוקרתית עובי 2 סמ גודל 40*50
7291027070203	מסגרת עץ כפולה מתקפלת גודל 13*18 עומד
7291027070197	מסגרת עץ כפולה מתקפלת גודל 13*18 שוכב
7291027070296	מסגרת עץ כפולה מתקפלת ל10*15 + 15*21
7291027013262	מסגרת עץ ל- 4 תמ' עד גודל 10X15 ס"מ
7430100247297	מסגרת עץ לונדון 30*30 20*20 לבן
729102707647	מסגרת עץ מדריד-קטן 50X70
7291027070302	מסגרת עץ משולשת מתקפלת 2 תמ' 10*15 +15*21
7291027600073	מסגרת פוזיטו 21X29.7 זהב
7291027600011	מסגרת פוזיטנו 10*15
7291027600035	מסגרת פוזיטנו 1521
7291027600233	מסגרת פוזיטנו 30X30 60023
7291027021267	מסגרת פיוטר 10X15 שני צבעים
7291027021274	מסגרת פיוטר 13X18 שני צבעים
7291027021281	מסגרת פיוטר 15X21 שני צבעים
7291027007964	מסגרת פיוטר SILVER משולשת / מתקפלת גודל 13*18
7291027010254	מסגרת פיוטר זהב "צפה" כפולה/ מתקפלת גודל 10*15 לתמ עומדת
7291027021380	מסגרת פיוטר חלק "קלאסי" גודל 10*15
7291027021397	מסגרת פיוטר חלק "קלאסי" גודל 13*18
7291027021403	מסגרת פיוטר חלק "קלאסי" גודל 15*21
7291027010247	מסגרת פיוטר כסף "צפה" כפולה / מתקפלת 18*13 שוכבת
7291027010223	מסגרת פיוטר כסף "צפה" כפולה / מתקפלת גודל 10*15 שוכבת
7291027010261	מסגרת פיוטר כסף "צפה" כפולה/ מתקפלת 10*15 עומדת
7291027007971	מסגרת פיוטר כפולה 10*15 מתקפלת
7291027007988	מסגרת פיוטר כפולה 13*18 מתקפלת
7291027031051	מסגרת פיוטר רוחבי 15*10
7291027031068	מסגרת פיוטר רוחבי 18*13
7291027031075	מסגרת פיוטר רוחבי 21*15
7291027210159	מסגרת פרספקס 1015 עומד 6021015
7291027218131	מסגרת פרספקס 13X18 שוכב 6021813
7291027215215	מסגרת פרספקס 15/21 - עומד- 6021521
7291027220301	מסגרת פרספקס 20X30 עומד 6022030
7291027230201	מסגרת פרספקס 20X30 שוכב 6023020
7291027221105	מסגרת פרספקס 21X15 שוכב 6022115
7291027215109	מסגרת פרספקס גודל 10/15-שוכב 6021510
7291027213181	מסגרת פרספקס גודל 13/18 - עומד 6021318
5055330500886	מסגרת פתיתי לבבות 10*15
7291027200129	מסגרת קולז משפחתית לבנה ל 12 תמ גודל 10X15
7430100254721	מסגרת קורין 30*45 לבן 2*2
7430100249840	מסגרת קורין 40*50 לבן/שחור/טבעי 2*2
7430100253502	מסגרת קורין 40*60 שחור 2*2 סמ
158	מסגרת קנבס 30*35
13	מסגרת קנבס 40*60
16	מסגרת קנבס 50*70
21	מסגרת קנבס 100*50
20	מסגרת קנבס 100*70
56	מסגרת קנבס 120*80
9	מסגרת קנבס 15*21
1709	מסגרת קנבס 20*20
1609	מסגרת קנבס 20*30
6	מסגרת קנבס 20*30
11	מסגרת קנבס 30*100
8	מסגרת קנבס 30*30
2009	מסגרת קנבס 30*40
2109	מסגרת קנבס 30*45
17	מסגרת קנבס 30*60
32	מסגרת קנבס 30*90
155	מסגרת קנבס 35*50
12	מסגרת קנבס 40*40
77	מסגרת קנבס 40*50
31	מסגרת קנבס 45*60
14	מסגרת קנבס 50*50
18	מסגרת קנבס 60*60
900	מסגרת קנבס 60*80
19	מסגרת קנבס 60*90
15	מסגרת קנבס 70*70
160	מסגרת קנבס מידה מיוחדת
991	מסגרת קנווס דגם עדי 40*50
7430100245408	מסגרת שירה 29.7*21 A4 זהב
7291027021342	מסגרת שני צבעים כפולה מתקפלת 1318 שוכב עומד
7291027021366	מסגרת שני צבעים משולשת מתקפלת גודל 13*18 שוכב עומד
857122883264	מסילת תליה
857122882001	מעמד עטים
857122883334	מעמד עץ אלומיניום 15*15
857122883335	מעמד עץ אלומיניום 15*20
857122883336	מעמד עץ אלומיניום 20*20
857122883205	מעמד קפסולות קפה 20*30
857122883284	משלוח
6970066965558	נייר לוסטר 260 גרם 111.8*30
7091276523518	נייר מבריק 235 גרם 127*65*4
7091526500016	נייר מבריק 235 גרם 152*65*4
7091276523501	נייר סאטן 235 גרם 127*65*4
7091526500023	נייר סאטן 235 גרם 152*65*4
7092036523502	נייר סאטן 235 גרם 203*65*2
7096103000019	נייר סאטן 240 גרם 610*30
857122883203	נייר פרגמנט גודל 50*70 500 יח
7430100207680	נרתיק לתמונות פספורט 5*5 אמריקאי
7430100203385	סופרמרקט הפי 200 10*15 גב ישר + כיתוב
857122883050	סט 1000 ברגים +252 צירים לטווינס
857122883347	סטיקווד עובי 9 ממ מידה 30*40
857122883344	סטיקווד קנט שחור גודל 10*15
857122883308	סיכות לאקדח
857122883041	סילבר 15X21
857122883045	סילבר 20X30
857122883043	סילבר 30X30
857122883044	סילבר 30X40
857122883320	סינר גדול קנבס
7603	סינר מבוגר סובלימציה
76152	סינר מבוגר צבעוני עם כיס - שחור
857122883342	סלוטייפ גדול 10 סמ הרמוניה 8 יח
7291083242569	סלוטיפ 12 יח
857122883265	ספייסרים לתליה
8500	ספל לבן איכותי
85063	ספל לבן פנים וידית בצבע אדום
85064	ספל לבן פנים וידית בצבע ורוד
85061	ספל לבן פנים וידית בצבע כחול
85067	ספל לבן פנים וידית בצבע כתום
85066	ספל לבן פנים וידית בצבע צהוב
85062	ספל לבן פנים וידית בצבע תכלת
8503	ספל פלא
857122883051	סרט אריזה אדום \ צהוב
857122883194	סרט אריזה רחב
857122883165	פאזל 1000 חלקים
857122883164	פאזל 260/510 חלקים
857122882007	פאזל A3
857122882005	פאזל לב
857122882002	פאזל מלבן
857122883762	פאזל סובלימציה 17X25 ללא מסגרת
857122883763	פאזל סובלימציה קרטון 21X30 עם מסגרת
857122883764	פאזל סובלימציה קרטון 28X36
857122882004	פאזל עיגול
74021	פד לעכבר פשוט
7402	פד עכבר למחשב מלבן
7291027010285	פיוטר 13*18 זהב
7430100247631	פרגמנט קנווס 22.5*21 + חלון 20 דף קרם תפור
7430100247648	פרגמנט קנווס 24*25 חלון 24 דף קרם תפור
7430100247662	פרגמנט קנווס ספירל 30*30 + חלון 25 דף שחור
857122883005	פרספקס 20 ממ 15*15
857122883004	פרספקס 20 ממ 10*10
857122882122	פרספקס 20 ממ עומד
857122882143	פרספקס 20 ממ עומד 15*21
857122883245	פרספקס 6 ממ 15*21
857122883246	פרספקס 6 ממ 20*20
857122883248	פרספקס 6 ממ 30*30
857122883250	פרספקס 6 ממ 30*45
857122883249	פרספקס 6 ממ 40*30
857122883274	פרספקס למוארת 15*15 שקןף
857122883276	פרספקס למוארת 20*30 שקוף
857122883279	פרספקס למוארת 30*30 לבן
857122883278	פרספקס למוארת 30*30 שקוף
7186	ציפה לב פרווה - צבעוני
857122883283	ציפה לכרית מלב ן\ ריבוע
857122883322	ציפה לכרית שינה 50X70
857122883104	ציפית לכרית מלבן/ריבוע
857122882123	צפצפה 10*10 בודד
857122883189	קוביה מוארת
857122882000	קוביית סובלימציה
857122883024	קליר 15X15
857122883025	קליר 15X21
857122883026	קליר 20X20
857122883027	קליר 20X30
857122883028	קליר 25X35
6926798902033	קנווס כותנה 340 61*18 VEGA
6970066963370	קנווס פוליאסטר מט 280 גרם 111.8X18
6970066963097	קנווס פוליאסטר מט 280 גרם 61*30
7430100205662	קנווס פרגמנט 40 עמ 20 דף קרם גודל 21*21
7430100205679	קנווס פרגמנט 50 עמ 25 דף קרם גודל 24*29
7430100233092	קנווס פרגמנט 60 עמ 30 דף קרם 29*32
857122883668	קפוצון מבוגר סובלימציה
857122883047	רגל פרספקס 20X30
857122883111	ריבוע בונד בודד ממוגנט 9X9
857122883112	ריבוע עץ בודד ממוגנט 9X9
7430100237458	שובל לוח להדפסה 15*20 2 סמ UV
7430100255681	שובל לוח להדפסה 20*20 2.5 סמ UV
7291027021335	שוכב + עומד 10*15 מסגרת שני צבעים כפולה מתקפלת
857122883110	שלט אליפסה גדול 20X30
857122882036	שלט לדלת אליפסה
857122882038	שלט לדלת ריבועי
857122883297	שעון 40*40
7291027200365	שעון לבן אופקי עם 4 תמונות 2 בגדלים 10X10 10X15
7291027200358	שעון לבן עם 5 תמונות בגודל 10X15
857122882046	שעון סובלימציה לב
857122882044	שעון סובלימציה עיגול
857122882045	שעון סובלימציה ריבוע
857122883298	שעון פרספקס 6 ממ 30*30
857122882093	שעון פרספקס לב
857122882091	שעון פרספקס עיגול
857122882092	שעון פרספקס ריבוע
7618	שק כביסה
857122883238	שקיות ניילון 20/30
857122883239	שקיות ניילון 60/70
857122883094	שקיות צלופן 10X15
857122883095	שקיות צלופן 10X20
857122883096	שקיות צלופן 15X20
857122883097	שקיות צלופן 18X25
857122883098	שקיות צלופן 20X30
857122883099	שקיות צלופן 25X35
857122883100	שקיות צלופן 30X40
857122883101	שקיות צלופן 40X50
857122883102	שקיות צלופן 50X60
857122883093	שקיות צלופן 7X11
857122883268	שקיות צלופן 80*90
7290110940546	שקפים A3 לכתיבה ביד ולכריכה
7290006674388	שקפים A4 100 יח
857122883667	תחתיות במבוק 1 סמ עובי + מעמד תחתיות 10*10
857122882039	תחתית לספל מרובעת 9X9
857122883109	תחתית לספל פרספקס ריבוע
857122883012	תיק ים גדול
857122883306	תיק ספר 30*40
857122882028	תמונה על רגל עץ 10X15
857122882030	תמונה על רגל עץ 13X18
857122882029	תמונה על רגל עץ 15X15
857122882031	תמונה על רגל עץ 15X21
857122882032	תמונה על רגל עץ 20X20
857122882033	תמונה על רגל עץ 20X25
857122882035	תמונה על רגל עץ 20X30
857122882034	תמונה על רגל עץ 30X30
857122883162	תמונה על רגל פקספקס 6ממ 20X20
857122882072	תמונה על רגל פרספקס 10X10
857122882073	תמונה על רגל פרספקס 10X15
857122882075	תמונה על רגל פרספקס 13X18
857122882074	תמונה על רגל פרספקס 15X15
857122882076	תמונה על רגל פרספקס 15X21
857122882077	תמונה על רגל פרספקס 20X20
857122882078	תמונה על רגל פרספקס 20X25
857122882079	תמונה על רגל פרספקס 25X35
857122882080	תמונה על רגל פרספקס 30X30
857122883119	תמונה על רגל פרספקס 30X40
857122883163	תמונה על רגל פרספקס 6ממ 20X30
857122883166	תמונה על רגל פרספקס 6ממ 30X40
857122883191	תמונה רגל פרספקס 15*28
857122883192	תמונה רגל פרספקס 19.5*39
